{
  "providers": {
    "awscloudformation": {
      "AuthRoleName": "amplify-frontend-dev-131447-authRole",
      "UnauthRoleArn": "arn:aws:iam::294311255658:role/amplify-frontend-dev-131447-unauthRole",
      "AuthRoleArn": "arn:aws:iam::294311255658:role/amplify-frontend-dev-131447-authRole",
      "Region": "us-east-1",
      "DeploymentBucketName": "amplify-frontend-dev-131447-deployment",
      "UnauthRoleName": "amplify-frontend-dev-131447-unauthRole",
      "StackName": "amplify-frontend-dev-131447",
      "StackId": "arn:aws:cloudformation:us-east-1:294311255658:stack/amplify-frontend-dev-131447/f4964150-265b-11ec-9ba6-12831eb0edc3",
      "AmplifyAppId": "d14asuelnc1520"
    }
  },
  "auth": {
    "frontend1f55415c": {
      "service": "Cognito",
      "providerPlugin": "awscloudformation",
      "dependsOn": [],
      "customAuth": false,
      "frontendAuthConfig": {
        "loginMechanisms": [
          "PREFERRED_USERNAME"
        ],
        "signupAttributes": [
          "EMAIL"
        ],
        "passwordProtectionSettings": {
          "passwordPolicyMinLength": 8,
          "passwordPolicyCharacters": []
        },
        "mfaConfiguration": "OFF",
        "mfaTypes": [
          "SMS"
        ],
        "verificationMechanisms": [
          "EMAIL"
        ]
      },
      "providerMetadata": {
        "s3TemplateURL": "https://s3.amazonaws.com/amplify-frontend-dev-131447-deployment/amplify-cfn-templates/auth/frontend1f55415c-cloudformation-template.yml",
        "logicalId": "authfrontend1f55415c"
      },
      "lastPushTimeStamp": "2021-10-06T04:42:17.148Z",
      "output": {
        "UserPoolId": "us-east-1_qkmNTAwow",
        "AppClientIDWeb": "6rkl6026cpka5tajhbfiphdkmm",
        "AppClientID": "32t6oe436h9ft0d8q62jj1e558",
        "IdentityPoolId": "us-east-1:18e5eed0-2bbf-4b9a-a9e5-4104e6b98a2d",
        "UserPoolArn": "arn:aws:cognito-idp:us-east-1:294311255658:userpool/us-east-1_qkmNTAwow",
        "IdentityPoolName": "frontend1f55415c_identitypool_1f55415c__dev",
        "UserPoolName": "frontend1f55415c_userpool_1f55415c"
      },
      "lastPushDirHash": "gBpxDmulrPJuzz+D5WOzN0bp6Gs="
    }
  }
}